<?xml version="1.0" encoding="UTF-8"?>
<project-private xmlns="http://www.netbeans.org/ns/project-private/1">
    <editor-bookmarks xmlns="http://www.netbeans.org/ns/editor-bookmarks/2" lastBookmarkId="0"/>
    <open-files xmlns="http://www.netbeans.org/ns/projectui-open-files/2">
        <group>
            <file>file:/C:/Users/PC/Desktop/Pakistan%20Election%20System/src/pakistan/election/system/party.java</file>
            <file>file:/C:/Users/PC/Desktop/Pakistan%20Election%20System/src/pakistan/election/system/Dashbord.java</file>
            <file>file:/C:/Users/PC/Desktop/Pakistan%20Election%20System/src/pakistan/election/system/Candidate.java</file>
            <file>file:/C:/Users/PC/Desktop/Pakistan%20Election%20System/src/pakistan/election/system/login.java</file>
            <file>file:/C:/Users/PC/Desktop/Pakistan%20Election%20System/src/pakistan/election/system/voter_reg.java</file>
            <file>file:/C:/Users/PC/Desktop/Pakistan%20Election%20System/src/pakistan/election/system/PakistanElectionSystem.java</file>
            <file>file:/C:/Users/PC/Desktop/Pakistan%20Election%20System/src/pakistan/election/system/vote_cast_scr.java</file>
            <file>file:/C:/Users/PC/Desktop/Pakistan%20Election%20System/src/signup.java</file>
            <file>file:/C:/Users/PC/Desktop/Pakistan%20Election%20System/src/result.java</file>
            <file>file:/C:/Users/PC/Desktop/Pakistan%20Election%20System/src/vote.java</file>
            <file>file:/C:/Users/PC/Desktop/Pakistan%20Election%20System/src/pakistan/election/system/login_1.java</file>
            <file>file:/C:/Users/PC/Desktop/Pakistan%20Election%20System/src/voter.java</file>
            <file>file:/C:/Users/PC/Desktop/Pakistan%20Election%20System/src/cand.java</file>
            <file>file:/C:/Users/PC/Desktop/Pakistan%20Election%20System/src/pakistan/election/system/result.java</file>
            <file>file:/C:/Users/PC/Desktop/Pakistan%20Election%20System/src/pakistan/election/system/ServerConnection.java</file>
        </group>
    </open-files>
</project-private>
